{
    "stat": {
        "nQuads": 17925,
        "ru_childs_cgstart": {
            "ru_nvcsw": 17,
            "ru_maxrss_kb": 113288,
            "ru_utime_sec": 0.0090100000000000006,
            "ru_nivcsw": 5,
            "ru_minflt": 2339,
            "ru_stime_sec": 0.0044720000000000003,
            "ru_majflt": 0
        },
        "mopSpeed": 602936.84830137913,
        "ru_self_cgstart": {
            "ru_nvcsw": 23,
            "ru_maxrss_kb": 113288,
            "ru_utime_sec": 0.080515000000000003,
            "ru_nivcsw": 7,
            "ru_minflt": 10206,
            "ru_stime_sec": 0.037708999999999999,
            "ru_majflt": 0
        },
        "cpu_cycles_cgstart": 92299414545295,
        "nMops": 57361,
        "outputSizePerQuad": 30.78415620641562,
        "ru_self_end": {
            "ru_nvcsw": 25,
            "ru_maxrss_kb": 126168,
            "ru_utime_sec": 0.175651,
            "ru_nivcsw": 16,
            "ru_minflt": 12492,
            "ru_stime_sec": 0.048673000000000001,
            "ru_majflt": 0
        },
        "totalObjSize": 551806,
        "ru_childs_end": {
            "ru_nvcsw": 18,
            "ru_maxrss_kb": 113832,
            "ru_utime_sec": 0.0090100000000000006,
            "ru_nivcsw": 10,
            "ru_minflt": 2554,
            "ru_stime_sec": 0.0054749999999999998,
            "ru_majflt": 0
        },
        "cpu_cycles_end": 92299801779045,
        "CodeGen(%)": 51.519270446927067,
        "cpu_cycles_total": 1041181606,
        "quadSpeed": 188414.48032290619,
        "mop/quad": 3.2000557880055789,
        "Frontend(%)": 48.480729553072933,
        "peak_mem_kb": 228808,
        "realTime": 0.29738092422485352
    },
    "PrevCompiledModules": {
        "shiftreg_0000": {
            "yQAdS_d": {
                "mode": 4,
                "bytes": 12300,
                "mod": "shiftreg_0000",
                "out": "yQAdS_d.o",
                "checksum": 0,
                "archive": "archive.4/_85960_archive_1.a"
            }
        },
        "shiftreg_0006": {
            "diwBu_d": {
                "mode": 4,
                "bytes": 15040,
                "mod": "shiftreg_0006",
                "out": "diwBu_d.o",
                "checksum": 0,
                "archive": "archive.4/_85960_archive_1.a"
            }
        },
        "std": {
            "reYIK_d": {
                "mode": 4,
                "bytes": 43000,
                "mod": "std",
                "out": "reYIK_d.o",
                "checksum": 0,
                "archive": "archive.4/_prev_archive_1.a"
            }
        },
        "shiftreg_0001": {
            "VutaD_d": {
                "mode": 4,
                "bytes": 14938,
                "mod": "shiftreg_0001",
                "out": "VutaD_d.o",
                "checksum": 0,
                "archive": "archive.4/_85960_archive_1.a"
            }
        },
        "shiftreg_0002": {
            "TYZds_d": {
                "mode": 4,
                "bytes": 14938,
                "mod": "shiftreg_0002",
                "out": "TYZds_d.o",
                "checksum": 0,
                "archive": "archive.4/_85960_archive_1.a"
            }
        },
        "shiftreg_0003": {
            "Axi7v_d": {
                "mode": 4,
                "bytes": 15054,
                "mod": "shiftreg_0003",
                "out": "Axi7v_d.o",
                "checksum": 0,
                "archive": "archive.4/_85960_archive_1.a"
            }
        },
        "bf_rdx2": {
            "YzUs8_d": {
                "mode": 4,
                "bytes": 28752,
                "mod": "bf_rdx2",
                "out": "YzUs8_d.o",
                "checksum": 0,
                "archive": "archive.4/_prev_archive_1.a"
            }
        },
        "shiftreg_0005": {
            "UJf4P_d": {
                "mode": 4,
                "bytes": 15044,
                "mod": "shiftreg_0005",
                "out": "UJf4P_d.o",
                "checksum": 0,
                "archive": "archive.4/_85960_archive_1.a"
            }
        },
        "...MASTER...": {
            "amcQw_d": {
                "mode": 4,
                "bytes": 8542,
                "mod": "...MASTER...",
                "checksum": 0,
                "out": "objs/amcQw_d.o"
            }
        },
        "shiftreg": {
            "S6t5u_d": {
                "mode": 4,
                "bytes": 14750,
                "mod": "shiftreg",
                "out": "S6t5u_d.o",
                "checksum": 0,
                "archive": "archive.4/_85960_archive_1.a"
            }
        },
        "fft_multipoint_tb": {
            "cHfay_d": {
                "mode": 4,
                "bytes": 248990,
                "mod": "fft_multipoint_tb",
                "checksum": 0,
                "out": "cHfay_d.o",
                "archive": "archive.4/_85960_archive_1.a"
            }
        },
        "shiftreg_0007": {
            "Ykxcg_d": {
                "mode": 4,
                "bytes": 15038,
                "mod": "shiftreg_0007",
                "out": "Ykxcg_d.o",
                "checksum": 0,
                "archive": "archive.4/_85960_archive_1.a"
            }
        },
        "shiftreg_0004": {
            "ReIL1_d": {
                "mode": 4,
                "bytes": 15044,
                "mod": "shiftreg_0004",
                "out": "ReIL1_d.o",
                "checksum": 0,
                "archive": "archive.4/_85960_archive_1.a"
            }
        },
        "shiftreg_0008": {
            "HKsfF_d": {
                "mode": 4,
                "bytes": 15094,
                "mod": "shiftreg_0008",
                "out": "HKsfF_d.o",
                "checksum": 0,
                "archive": "archive.4/_85960_archive_1.a"
            }
        },
        "shiftreg_0009": {
            "NLtPv_d": {
                "mode": 4,
                "bytes": 13496,
                "mod": "shiftreg_0009",
                "out": "NLtPv_d.o",
                "checksum": 0,
                "archive": "archive.4/_85960_archive_1.a"
            }
        },
        "complex_sub": {
            "S2CFu_d": {
                "mode": 4,
                "bytes": 14152,
                "mod": "complex_sub",
                "out": "S2CFu_d.o",
                "checksum": 0,
                "archive": "archive.4/_prev_archive_1.a"
            }
        },
        "switch": {
            "Kv9Tb_d": {
                "mode": 4,
                "bytes": 11068,
                "mod": "switch",
                "out": "Kv9Tb_d.o",
                "checksum": 0,
                "archive": "archive.4/_85960_archive_1.a"
            }
        },
        "complex_add": {
            "dCCE1_d": {
                "mode": 4,
                "bytes": 14152,
                "mod": "complex_add",
                "out": "dCCE1_d.o",
                "checksum": 0,
                "archive": "archive.4/_prev_archive_1.a"
            }
        }
    },
    "cycles_program_begin": 92298760597439,
    "perf": [
        {
            "stat": [
                "main",
                "entry",
                0.0089421272277832031,
                0.026068000000000001,
                0.02707,
                201080,
                201080,
                0.0,
                0.0,
                1762515750.2070861,
                92298760795699
            ],
            "sub": [
                {
                    "stat": [
                        "doParsingAndDesignResolution",
                        "entry",
                        0.12281298637390137,
                        0.033715000000000002,
                        0.03065,
                        209756,
                        210560,
                        0.0,
                        0.0,
                        1762515750.3209569,
                        92299171874299
                    ],